claim_id,claim_text,classification,evidence_ids,scope,owner,last_reviewed,notes
CLM-001,"A jointly learned budget controller improves the quality-cost Pareto frontier over the strongest eligible baseline.",UNSUPPORTED,EV-0001,Primary empirical hypothesis,Sol-PI,2026-07-14,Must remain a hypothesis until confirmatory evidence exists
CLM-002,"The joint allocation across bounded workspace, versioned episodic memory, compressed state, recurrent compute, verification, and halting is technically distinct from prior work.",DISPUTED,"EV-0003;EV-0018;EV-0019;EV-0020;EV-0022;EV-0023;EV-0027;EV-0029;EV-0031;EV-0032;EV-0033;EV-0034;EV-0035;EV-0036;EV-0043",Broad and narrowed novelty hypothesis,Terra-Evidence,2026-07-14,M1 rejects both the broad component claim and the narrow policy-object claim
CLM-003,"Lossless storage of selected episodic payloads does not imply exact retrieval or bounded infinite storage.",INFERENCE,,Operational definition,Sol-Theory,2026-07-14,Logical scope restriction; not an empirical result
CLM-004,"Exact Sol, Terra, and Luna model selection is not exposed by the current runtime.",VERIFIED,EV-0002,Capability audit,Sol-PI,2026-07-14,Functional roles are used as fallbacks
CLM-005,"The individual components and most pairwise memory-compute combinations in the broad candidate are disclosed in prior work.",VERIFIED,"EV-0003;EV-0004;EV-0005;EV-0006;EV-0007;EV-0008;EV-0009;EV-0010;EV-0011;EV-0012;EV-0013;EV-0014;EV-0015;EV-0016;EV-0017;EV-0018;EV-0019;EV-0020;EV-0021;EV-0022;EV-0023;EV-0024;EV-0025;EV-0026;EV-0027;EV-0028;EV-0029;EV-0030;EV-0031;EV-0032;EV-0033;EV-0034",Novelty threat finding,Terra-Evidence,2026-07-14,M1 adds direct unified-policy and learned-update-and-halt anticipation
CLM-006,"One non-factorizing constrained policy over mutable versioned episodic I/O, compressed state, recurrent compute, verification, and halting improves same-component fixed and separated controls.",UNSUPPORTED,"EV-0001;EV-0031;EV-0032;EV-0033;EV-0035;EV-0036",Narrow mechanism and empirical hypothesis,Sol-PI,2026-07-14,Empirical superiority was not tested; the policy-class novelty portion is rejected and unified-versus-decoupled training is directly anticipated
CLM-007,"Complete physical accounting changes an architecture ranking or establishes a stable new resource-allocation law.",UNSUPPORTED,"EV-0021;EV-0022;EV-0026;EV-0027;EV-0029;EV-0041;EV-0042",Independent empirical-route hypothesis,Terra-Engineering,2026-07-14,No candidate result or new law exists; recent multi-system work already studies lifecycle costs and workload-dependent trade-offs
CLM-008,"The broad or narrowed candidate architecture is currently eligible as an original architecture paper.",DISPUTED,"EV-0018;EV-0019;EV-0020;EV-0022;EV-0023;EV-0027;EV-0029;EV-0031;EV-0032;EV-0033;EV-0034;EV-0035;EV-0036",Article eligibility gate,Luna-QA / Luna-RedTeam,2026-07-14,Current architecture and empirical routes are NOT_ELIGIBLE after M1
CLM-009,"A direction-setting transition framework for future stateful LLM systems is original and article-eligible.",DISPUTED,"EV-0041;EV-0042;EV-0045;EV-0046;EV-0047;EV-0048;EV-0049;EV-0050;EV-0051;EV-0052;EV-0053;EV-0054;EV-0055;EV-0056",Directional-pivot hypothesis,Sol-PI,2026-07-14,"M1b returns STOP: the direction and strongest composite are anticipated and no predictive residual is distinct"
CLM-010,"WAIN-Core or Joint Memory Machine is currently an original component-agnostic benchmark contribution.",DISPUTED,"EV-0031;EV-0037;EV-0038;EV-0039;EV-0040;EV-0044",Empirical benchmark eligibility,Terra-Engineering / Luna-RedTeam,2026-07-14,Temporal operations and bounded noisy retention are covered and JMM encodes the candidate component ontology
CLM-011,"The implementation-neutral objects Omega, G, B, Adeq, Cert, Cmp, T*, and T_hat constitute a distinct formal theory for LLM transitions.",DISPUTED,"EV-0041;EV-0046;EV-0047;EV-0053;EV-0054;EV-0057;EV-0058;EV-0059;EV-0060;EV-0061;EV-0062;EV-0063",M1b formal novelty hypothesis,Sol-Theory / Sol-PI,2026-07-14,"Assume-guarantee and QoS contracts, vector resources, temporal provenance, caching, value of computation, Pareto selection, evidence certification, and reject decisions reconstruct the ideal shell; no calibrated LLM-specific estimator is supplied"
CLM-012,"A validity-before-compute rule is currently a distinct and transportable LLM-specific boundary law.",DISPUTED,"EV-0042;EV-0049;EV-0050;EV-0051;EV-0052;EV-0053;EV-0056",M1b narrow residual hypothesis,Terra-Evidence / Sol-PI,2026-07-14,"The direction follows from state adequacy plus conditional value of computation; an exact cross-family coefficient is unsupported rather than distinct"
CLM-013,"The five M1b prediction candidates justify a GO or PIVOT article route.",DISPUTED,"EV-0041;EV-0042;EV-0045;EV-0046;EV-0048;EV-0049;EV-0050;EV-0051;EV-0052;EV-0053;EV-0055;EV-0056",M1b article gate,Sol-PI,2026-07-14,"Every registered prediction is anticipated or generic; the remaining quantitative claims are unspecified and no DISTINCT_CANDIDATE survives"
CLM-014,"At least one of the sixteen independently motivated M1c technical objects survives direct prior art, strongest-composite comparison, and generic-theory reduction.",DISPUTED,"EV-0064;EV-0065;EV-0066;EV-0067;EV-0068;EV-0069;EV-0070;EV-0071;EV-0072;EV-0073;EV-0074;EV-0075;EV-0076;EV-0077;EV-0078;EV-0079;EV-0080;EV-0081;EV-0082;EV-0083;EV-0084;EV-0085",M1c distinct-object gate,"Sol-PI / formal, systems, dynamics, distinctness, and minimum-design review lanes",2026-07-15,"Zero DISTINCT_CANDIDATE objects survive; exact LLM application cells for hysteresis and reset-to-stream reversal are not directly reported but are anticipated by positive composites that already supply the protocol ingredients, phenomenon classes, and ordinary estimators"
CLM-015,"Reset-per-episode evaluation and persistent-stream evaluation define a currently distinct agent-memory observable when their system rankings reverse.",DISPUTED,"EV-0072;EV-0073;EV-0074;EV-0077;EV-0082;EV-0083;EV-0085",M1c final empirical residual,Sol-PI,2026-07-15,"No examined record reports the exact reset-to-stream inversion; Artifact Ecology anticipates inheritance conditions, ShiftBench anticipates longitudinal selection inversions, MemDelta anticipates controlled conclusion reversals, and time-series causal estimands reconstruct the path contrast, while the earlier longitudinal and shared-state records supply order, cross-episode, and fair-comparison controls; the residual is ANTICIPATED_BY_COMPOSITE rather than ANTICIPATED_DIRECTLY"
CLM-016,"At least one of the 24 M1d state-compute candidates survives direct prior art, strongest-composite comparison, generic-theory reduction, the no-recycling boundary, and an identified factorized comparator.",DISPUTED,"EV-0041;EV-0053;EV-0073;EV-0076;EV-0086;EV-0087;EV-0088;EV-0089;EV-0090;EV-0091;EV-0092;EV-0093;EV-0094;EV-0095;EV-0096;EV-0097;EV-0098;EV-0099;EV-0100;EV-0101;EV-0102;EV-0103;EV-0104;EV-0105;EV-0106;EV-0107;EV-0108;EV-0109;EV-0110;EV-0111;EV-0112;EV-0113;EV-0114;EV-0115",M1d distinct-object gate,"Sol-PI / formal, learning, runtime, bibliographic, and contradictory review lanes",2026-07-15,"Zero DISTINCT_CANDIDATE objects survive after one direct anticipation, six positive composites, nine conditional reductions, two unsupported non-distinct objects, and six scope exclusions"
CLM-017,"At fixed history, an unrestricted sequential manager-router interface can reproduce the behavioral joint distribution pi(m,c|h) as pi_M(m|h) times pi_C(c|h,m).",INFERENCE,,M1d comparator-identification result,Sol-Theory / Sol-PI,2026-07-15,"This conditional-probability factorization assumes unrestricted information passage and says nothing by itself about causal order, computational cost, latency, learning, optimization, or sample efficiency. Behavioral separation requires a preregistered intrinsic restriction; other claim types need their own matched estimand or bound"
CLM-018,"The M1d candidate set currently establishes an original direction-setting article route for governed persistent state and adaptive compute.",DISPUTED,"EV-0073;EV-0086;EV-0087;EV-0088;EV-0089;EV-0090;EV-0091;EV-0092;EV-0093;EV-0094;EV-0095;EV-0096;EV-0097;EV-0098;EV-0099;EV-0100;EV-0101;EV-0102;EV-0103;EV-0104;EV-0105;EV-0106;EV-0107;EV-0108;EV-0109;EV-0110;EV-0111;EV-0112;EV-0113;EV-0114;EV-0115",M1d article-eligibility gate,Sol-PI / independent review,2026-07-15,"Proposed Decision 0006 returns STOP. Interactions, useful mechanisms, and exact application cells do not supply a distinct law, estimator, invariant, bound, theorem, or identified separation"
CLM-019,"At least one of the 24 M1e screened formulations survives direct prior art, strongest-composite comparison, generic-theory reduction, restricted-class matching, label substitution, the no-recycling boundary, and the admission-format gate.",DISPUTED,"EV-0090;EV-0116;EV-0117;EV-0118;EV-0119;EV-0120;EV-0121;EV-0122;EV-0123;EV-0124;EV-0125;EV-0126;EV-0127;EV-0128;EV-0129;EV-0130;EV-0131;EV-0132;EV-0133;EV-0134;EV-0135;EV-0136;EV-0137;EV-0138;EV-0139;EV-0140;EV-0141;EV-0142;EV-0143;EV-0144;EV-0145;EV-0146;EV-0147;EV-0148;EV-0149;EV-0150;EV-0151;EV-0152",M1e intrinsic restricted-class gate,"Sol-PI / communication causal learning bibliographic and contradictory review lanes",2026-07-15,"Zero DISTINCT_CANDIDATE objects survive: 9 direct anticipations 1 positive composite 9 generic reductions 3 scope violations and 2 unsupported non-distinct admission failures"
CLM-020,"A matched factorized M1e comparator may be jointly designed and trained and may use the same allowed observations randomness transcript rounds state parameters samples probes passes oracle calls feedback and compute as the candidate.",INFERENCE,,M1e comparator definition,Sol-Theory / Sol-PI,2026-07-15,"This is the preregistered comparison class rather than an empirical result; weakening module training information or resources cannot establish intrinsic non-factorization"
CLM-021,"The M1e restricted-class candidate set currently establishes an original direction-setting article route for governed persistent state and adaptive computation.",DISPUTED,"EV-0090;EV-0116;EV-0117;EV-0118;EV-0119;EV-0120;EV-0121;EV-0122;EV-0123;EV-0124;EV-0125;EV-0126;EV-0127;EV-0128;EV-0129;EV-0130;EV-0131;EV-0132;EV-0133;EV-0134;EV-0135;EV-0136;EV-0137;EV-0138;EV-0139;EV-0140;EV-0141;EV-0142;EV-0143;EV-0144;EV-0145;EV-0146;EV-0147;EV-0148;EV-0149;EV-0150;EV-0151;EV-0152",M1e article-eligibility gate,Sol-PI / independent review,2026-07-15,"Decision 0007 is accepted as STOP. None of the admitted restricted communication causal or learning classes yields a distinct theorem estimand parameter invariant or phase law; C10 and C23 fail admission rather than establish one"
CLM-022,"The recovered report's tokenisation-by-mission pipeline establishes a distinct lexical state-compute mechanism rather than an assembly of domain vocabulary adaptation item tokenization model routing and serving optimization.",DISPUTED,"EV-0153;EV-0162;EV-0166;EV-0167;EV-0168;EV-0169",M1f upstream-report originality audit,Sol-PI / report-specific primary-source review,2026-07-15,"UniTok tokenizes recommender items rather than text; reversible codecs transcode exactly; the remaining components are independent prior objects evaluated under incompatible tasks and accounting regimes"
CLM-023,"At least one of the nine sequential M1f mechanism-first objects survives the 64-object crosswalk direct prior art strongest matched comparator generic reduction label substitution exact compiler and admission-format gate.",DISPUTED,"EV-0069;EV-0070;EV-0076;EV-0099;EV-0154;EV-0155;EV-0156;EV-0157;EV-0158;EV-0159;EV-0160;EV-0161;EV-0162;EV-0163;EV-0164;EV-0165;EV-0166;EV-0167;EV-0168;EV-0169",M1f mechanism-first gate,"Sol-PI / formal systems security report and reduction review lanes",2026-07-15,"Zero objects are admitted; every attempt recycles an earlier object collides directly reduces to a generic class or is falsified by an exact compiler or transcode"
CLM-024,"A joint controller with common input and randomness has a superconstant work or depth advantage over every co-designed two-module factorization producing the same two outputs.",DISPUTED,"EV-0160;EV-0161;EV-0162",M1f shared-subcomputation separation,Sol-Theory / Sol-PI,2026-07-15,"Two parallel copies reproduce the exact joint law with at most twice the work the same depth and zero message; a single copy plus one output message gives a second compiler; stronger gaps require generic communication or pebbling restrictions"
CLM-025,"The M1f object set and recovered report currently establish an original direction-setting article route for governed persistent state and adaptive computation.",DISPUTED,"EV-0069;EV-0070;EV-0076;EV-0099;EV-0154;EV-0155;EV-0156;EV-0157;EV-0158;EV-0159;EV-0160;EV-0161;EV-0162;EV-0163;EV-0164;EV-0165;EV-0166;EV-0167;EV-0168;EV-0169",M1f article-eligibility gate,Sol-PI / independent review,2026-07-15,"Proposed Decision 0008 returns STOP; neither a report synthesis nor any of the nine fixed mechanisms supplies a distinct theorem estimand invariant capability or law"
CLM-026,"The upstream report referenced by the original research-program attachment is now available with fixed local provenance and has been read in full.",VERIFIED,EV-0153,M1f input inventory,Sol-PI,2026-07-15,"The report is a 23-page 517191-byte local PDF fixed by SHA-256; availability does not validate its scientific claims"
